use hotel;

INSERT guest (guestID, `Name`, Address, City, State, Zip, Phone)
VALUES (1, "Mohamed Derie", "2101 washington street NE", "Minneapolis", "MN", "55418", "612-501-9480"),
(2, "Mack Simmer", "379 Old Shore Street", "Council Bluffs", "IA", "51501", "(291) 553-0508"),
(3, "Bettyann Seery", "750 Wintergreen Dr", "Wasilla", "AK", "99654", "(478) 277-9632"),
(4, "Duane Cullison", "9662 Foxrun Lane", "Harlingen", "TX", "78552", "(308) 494-0198"),
(5, "Karie Yang", "9378 W. Augusta Ave", "West Deptford", "NJ", "08096", "(214) 730-0298"),
(6, "Aurore Lipton", "762 Wild Rose Street", "Saginaw", "MI", "48601", "(377) 507-0974"),
(7, "Zachery Luechtefeld", "7 Poplar Dr", "Arvada", "CO", "80003", "(814) 485-2615"),
(8, "Jeremiah Pendergrass", "70 Oakwood St", "Zion", "IL", "60099", "(279) 491-0960"),
 (9, "Walter Holaway", "7556 Arrowhead St", "Cumberland", "RI", "02864", "(446) 396-6785"),
 (10, "Wilfred Vise", "77 West Surrey Street", "Oswego", "NY", "13126", "(834) 727-1001"),
(11, "Maritza Tilton", "939Linda Rd", "Burke", "VA", "22015", "(446) 351-6860"),
(12, "Joleen Tison", "87 Queen St", "Drexel Hill", "PA", "19026", "(231) 893-2755");

INSERT INTO `Roomtype`( typeId,name, ExtraPerson, BasePrice, standardOccupancy, maxOccupancy) 
values(1,"single", 0, 149.99, 2, 2),
(2,"double", 10, 174.99, 2, 4),
(3, "suite", 20, 399.99, 3, 8);

insert into Rooms(RoomsId, RoomsNumber, Floor, ADA, typeId)
 values(1, 201, 2, "No", 2),
 (2, 202, 2, "Yes", 2),
 (3, 203, 2, "No", 2),
 (4, 204, 2, "Yes", 2),
 (5, 205, 2," No", 1),
 (6, 206, 2, "Yes", 1),
 (7, 207, 2, "No", 1),
 (8, 208, 2, "Yes", 1),
 (9, 301, 3," No", 2),
 (10, 302, 3, "Yes", 2),
 (11, 303, 3, "No", 2),
 (12, 304, 3, "Yes", 2),
 (13, 305, 3, "No", 1),
 (14, 306, 3, "Yes", 1),
 (15, 307, 3, "No", 1),
 (16, 308, 3, "Yes", 1),
 (17, 401, 4, "Yes", 3),
 (18, 402, 4, "Yes", 3);
 
insert into reservations(reservationID, checkIn, checkOut, guestID)
 values(1, "2023/02/02" , "2023/02/04" , 1),
 (2, "2023/02/05" , "2023/02/10" ,  2),
 (3, "2023/02/22", "2023/02/24" ,3),
 (4, "2023/03/06", "2023/03/07",  4),
 (5, "2023/03/17", "2023/03/20", 5),
 (6, "2023/03/18", "2023/03/23", 6),
 (7, "2023/03/29", "2023/03/31",  7),
 (8, "2023/03/31", "2023/04/05",  8),
 (9, "2023/04/09", "2023/04/13", 9),
 (10, "2023/04/23", "2023/04/24", 10),
 (11, "2023/05/30", "2023/06/02", 11),
 (12, "2023/06/10", "2023/06/14",  12),
 (13, "2023/06/10", "2023/06/14",  1),
 (14, "2023/06/17", "2023/06/18",  6),
 (15, "2023/06/28", "2023/07/02",  1),
 (16, "2023/07/13", "2023/07/14",  9),
 (17, "2023/07/18", "2023/07/21", 10),
 (18, "2023/07/28", "2023/07/29", 3),
 (19, "2023/08/30", "2023/09/01", 3),
 (20, "2023/09/16", "2023/09/17",  2),
 (21, "2023/09/13", "2023/09/15",  5),
 (22, "2023/11/22", "2023/11/25", 4),
 (23, "2023/11/22", "2023/11/25", 2),
 (24, "2023/11/22", "2023/11/25", 2),
 (25, "2023/12/24", "2023/12/28", 11);
 
insert into roomsreservations(adults, children, reservationID, roomID)
 values(1, 0, 1, 16),
 (2, 1, 2, 3),
 (2, 0, 3, 13),
 (2, 2, 4 ,1),
 (1, 1, 5, 15),
 (3, 0, 6, 10),
 (2, 2, 7, 2),
 (2, 0, 8, 12),
 (1, 0, 9, 9),
 (1, 1, 10, 7),
 (2, 4, 11, 17),
 (2, 0, 12, 6),
 (1, 0, 13, 12),
 (3, 0, 14, 4),
 (2, 0, 15, 4),
 (3, 1, 16, 17),
 (4, 2, 17, 11),
 (2, 1, 18, 13),
 (1, 0, 19, 8),
 (2, 0, 20, 3),
 (2, 2, 21, 17),
 (2, 0, 22, 6),
 (2, 0, 23, 10);
 
insert into amenities (amenitiesID, `name` , price)
values ( 1, "Microwave", 0),
(2, "Refrigerator", 0),
(3, "Jacuzzi", 25),
(4, "Oven", 0);

insert into RoomAmenities(RoomID, amenitiesID)
values (1,1),
(1,3),
(2,2),
(3,1),
(3,3),
(4,2),
(5,1),
(5,2),
(5,3),
(6,1),
(6,2),
(7,1),
(7,2),
(7,3),
(8,1),
(8,2),
(9,1),
(9,3),
(10,2),
(11,1),
(11,3),
(12,2),
(13,1),
(13,2),
(13,3),
(14,1),
(14,2),
(15,1),
(15,2),
(15,3),
(16,1),
(16,2),
(17,1),
(17,2),
(17,4),
(18,1),
(18,2),
(18,4);
